id,user_id,email
1,11,Aiden.Martinez@EvergreenFarms.com
2,12,Amelia.Robinson@AtlanticCatch.com
3,13,Logan.ClarkGoldenPastures.com
4,14,Chloe.Rodriguez@DeepBlueFisheries.com
5,14,Chloe.Rod@gamil.com
6,15,William.Lewis@NordicFoodTraders.com
7,16,Grace.Lee@PrimeMeatExport.com
8,17,Benjamin.Walker@StockholmDelights.com
9,18,Ella.Hall@SeaHarvestSupermarket.com
10,19,Jackson.Allen@UrbanGreensRestaurant.com
11,20,Scarlett.Young@BalticFreshFoods.com
12,21,Henry.Hernandez@FreshHarvestFarms.com
13,22,Victoria.King@OceanBountyFisheries.com
14,23,Alexander.Wright@SunriseOrganicFarms.com
15,23,Alex.Wright@hotmail.com
16,24,Lillian.Scott@ArcticSeaCatch.com
17,25,Matthew.Torres@GlobalFoodTraders.com
18,26,Zoe.Nguyen@RoyalSeafoodTrading.com
19,27,Daniel.Hill@GreenMeadowsFarms.com
20,28,Natalie.Flores@HorizonFish.com
21,29,Ryan.Green@ScandinavianFreshFoods.com
22,30,Hannah.Adams@StockholmGourmetMarket.com
23,30,Hannah.Adams88@gmail.com
24,31,Samuel.Nelson@FjordFishSuppliers.com
25,32,Layla.Baker@NorthernPastures.com
26,33,David.Gonzalez@SeaBreezeFisheries.com
27,34,Lucy.Perez@MeadowGroveFarms.com
28,35,John.Roberts@FreshwayFoodTrading.com
29,36,Lily.Turner@NordicSeafood.com
30,37,Michael.Phillips@StockholmFreshMarket.com
31,37,Michael.Phillips@gmail.com
32,38,Aria.Campbell@CoastalFreshFoods.com
33,39,Elijah.Parker@ForestGlenFarms.com
34,40,Mila.Evans@BlueOceanFishery.com
35,41,Andrew.Edwards@BalticSeaFisheries.com
36,42,Stella.Collins@SilverStreamFarms.com
37,43,Nathan.Stewart@NordicFreshProduce.com
38,44,Hazel.Sanchez@StockholmGourmetFoods.com
39,45,Thomas.Morris@PrimeCatch.com
40,46,Ruby.Rogers@HarvestMoonFarms.com
41,47,Leo.Reed@NorthSeaTrading.com
42,47,Leo.Reed@example.com
43,48,Scarlett.Cook@AuroraSeafood.com
44,49,Julian.Morgan@NordicNatureFarms.com
45,50,Audrey.Bell@StockholmFreshDeli.com
46,51,Asher.Murphy@FjordFresh.com
47,52,Lucy.Rivera@BalticHarvest.com
48,53,Leo.Cooper@GreenValleyFarms.com
49,53,Leo.Cooper@gmail.com
50,54,Bella.Richardson@PureSeaFoods.com
51,55,Caleb.Cox@NordicOrganicFoods.com
52,56,Penelope.Howard@OceanWaveFisheries.com
53,57,Wyatt.Ward@GourmetFishMarket.com
54,58,Claire.Torres@StockholmCulinaryDelights.com
55,59,Gabriella.Peterson@ArcticFresh.com
56,60,Elijah.Bennett@StockholmFarmhouse.com
57,61,Victoria.James@BlueTideFisheries.com
58,62,Adeline.Gray@NorthernFarms.com
59,63,Carter.Price@DeepWatersFisheries.com
60,64,Aurora.Hughes@GreenAcresFarms.com
61,65,William.Fisher@NordicFoodExports.com
62,66,Elena.Bennett@RoyalCatch.com
63,67,Colton.Ramos@StockholmSuperfoods.com
64,67,superColton@gamil.com
65,68,Peyton.Phillips@FreshFieldsTrading.com
66,69,Jason.Sanchez@SunsetFarms.com
67,70,Evangeline.Ross@ArcticShoresFisheries.com
68,71,Evan.Diaz@FreshFarms.com
69,72,Ivy.Kim@SeaPearlFisheries.com
70,73,Samantha.Edwards@NordicHarvest.com
71,74,Charlie.Collins@CoastalCatch.com
72,75,Nathan.Sanders@StockholmFreshFoods.com
73,76,Aaliyah.Myers@UrbanHarvestRestaurant.com
74,77,Ryder.Bennett@BalticBlueFisheries.com
75,78,Finn.Price@NordicFreshMeat.com
76,79,Cora.Wood@ScandinavianDelights.com
77,80,Max.Rivera@AuroraFreshProduce.com
78,81,Adam.Cook@OceanicHarvest.com
79,82,Leah.Reed@StockholmFreshGreens.com
80,83,Sarah.Bell@NorthernShoresFishery.com
81,84,Seth.Walker@GreenHillFarms.com
82,85,Austin.Young@PureNordicFoods.com
83,86,Nova.Hill@StockholmFishery.com
84,87,Dakota.Anderson@FreshWaters.com
85,88,Sophie.Smith@ArcticFreshFarms.com
86,89,Oliver.Brooks@BlueNordicFisheries.com
87,90,Cameron.Bell@StockholmOrganicFoods.com
88,91,Cooper.Gonzalez@OceanicFresh.com
89,92,Isla.Coleman@UrbanPastures.com
90,93,Andrew.Harris@BalticGourmet.com
91,77,Ryder.B17@hotmail.com
