id,user_id,first_name,last_name
1,11,Aiden,Martinez
2,12,Amelia,Robinson
3,13,Logan,Clark
4,14,Chloe,Rodriguez
5,15,William,Lewis
6,16,Grace,Lee
7,17,Benjamin,Walker
8,18,Ella,Hall
9,19,Jackson,Allen
10,20,Scarlett,Young
11,21,Henry,Hernandez
12,22,Victoria,King
13,23,Alexander,Wright
14,24,Lillian,Scott
15,25,Matthew,Torres
16,26,Zoe,Nguyen
17,27,Daniel,Hill
18,28,Natalie,Flores
19,29,Ryan,Green
20,30,Hannah,Adams
21,31,Samuel,Nelson
22,32,Layla,Baker
23,33,David,Gonzalez
24,34,Lucy,Perez
25,35,John,Roberts
26,36,Lily,Turner
27,37,Michael,Phillips
28,38,Aria,Campbell
29,39,Elijah,Parker
30,40,Mila,Evans
31,41,Andrew,Edwards
32,42,Stella,Collins
33,43,Nathan,Stewart
34,44,Hazel,Sanchez
35,45,Thomas,Morris
36,46,Ruby,Rogers
37,47,Leo,Reed
38,48,Scarlett,Cook
39,49,Julian,Morgan
40,50,Audrey,Bell
41,51,Asher,Murphy
42,52,Lucy,Rivera
43,53,Leo,Cooper
44,54,Bella,Richardson
45,55,Caleb,Cox
46,56,Penelope,Howard
47,57,Wyatt,Ward
48,58,Claire,Torres
49,59,Gabriella,Peterson
50,60,Elijah,Bennett
51,61,Victoria,James
52,62,Adeline,Gray
53,63,Carter,Price
54,64,Aurora,Hughes
55,65,William,Fisher
56,66,Elena,Bennett
57,67,Colton,Ramos
58,68,Peyton,Phillips
59,69,Jason,Sanchez
60,70,Evangeline,Ross
61,71,Evan,Diaz
62,72,Ivy,Kim
63,73,Samantha,Edwards
64,74,Charlie,Collins
65,75,Nathan,Sanders
66,76,Aaliyah,Myers
67,77,Ryder,Bennett
68,78,Finn,Price
69,79,Cora,Wood
70,80,Max,Rivera
71,81,Adam,Cook
72,82,Leah,Reed
73,83,Sarah,Bell
74,84,Seth,Walker
75,85,Austin,Young
76,86,Nova,Hill
77,87,Dakota,Anderson
78,88,Sophie,Smith
79,89,Oliver,Brooks
80,90,Cameron,Bell
81,91,Cooper,Gonzalez
82,92,Isla,Coleman
83,93,Andrew,Harris