id,username,psw_hs
11,AidenM,
12,AmeliaR,
13,LoganC,
14,ChloeR,
15,WilliamL,
16,GraceL,
17,BenjaminW,
18,EllaH,
19,JacksonA,
20,ScarlettY,
21,HenryH,
22,VictoriaK,
23,AlexanderW,
24,LillianS,
25,MatthewT,
26,ZoeN,
27,DanielH,
28,NatalieF,
29,RyanG,
30,HannahA,
31,SamuelN,
32,LaylaB,
33,DavidG,
34,LucyP,
35,JohnR,
36,LilyT,
37,MichaelP,
38,AriaC,
39,ElijahP,
40,MilaE,
41,AndrewE,
42,StellaC,
43,NathanS,
44,HazelS,
45,ThomasM,
46,RubyR,
47,LeoR,
48,ScarlettC,
49,JulianM,
50,AudreyB,
51,AsherM,
52,LucyR,
53,LeoC,
54,BellaR,
55,CalebC,
56,PenelopeH,
57,WyattW,
58,ClaireT,
59,GabriellaP,
60,ElijahB,
61,VictoriaJ,
62,AdelineG,
63,CarterP,
64,AuroraH,
65,WilliamF,
66,ElenaB,
67,ColtonR,
68,PeytonP,
69,JasonS,
70,EvangelineR,
71,EvanD,
72,IvyK,
73,SamanthaE,
74,CharlieC,
75,NathanS,
76,AaliyahM,
77,RyderB,
78,FinnP,
79,CoraW,
80,MaxR,
81,AdamC,
82,LeahR,
83,SarahB,
84,SethW,
85,AustinY,
86,NovaH,
87,DakotaA,
88,SophieS,
89,OliverB,
90,CameronB,
91,CooperG,
92,IslaC,
93,AndrewH,
